INSERT INTO worldcup.referee (name, age, citizenship) VALUES
('Nawaf Shukralla', 40, 'Bahrain'),
('Björn Kuipers', 45, 'Netherlands'),
('Cüneyt Çakır', 42, 'Turkey'),
('Gianluca Rocchi', 44, 'Italy'),
('Andrés Cunha', 38, 'Uruguay'),
('Szymon Marciniak', 41, 'Poland'),
('Sandro Ricci', 39, 'Brazil'),
('Malang Diedhiou', 46, 'Senegal'),
('Alireza Faghani', 37, 'Iran'),
('César Arturo Ramos', 43, 'Mexico'),
('Joel Aguilar', 41, 'El Salvador'),
('Janny Sikazwe', 40, 'Zambia'),
('Wilmar Roldán', 39, 'Colombia'),
('Damir Skomina', 42, 'Slovenia'),
('Marcin Borski', 40, 'Poland'),
('Enrique Cáceres', 44, 'Paraguay'),
('Mark Geiger', 43, 'United States'),
('Felix Brych', 45, 'Germany');


INSERT INTO worldcup.city (name, population) VALUES
('Moscow', 12500000),
('Saint Petersburg', 5400000),
('Kaliningrad', 500000),
('Volgograd', 1000000),
('Kazan', 1200000),
('Nizhny Novgorod', 1300000),
('Samara', 1200000),
('Saransk', 300000),
('Rostov-on-Don', 1100000),
('Sochi', 400000),
('Yekaterinburg', 1500000);


INSERT INTO worldcup.stadium (name, capacity, city) VALUES
('Luzhniki Stadium', 81000, 'Moscow'),
('Saint Petersburg Stadium', 68134, 'Saint Petersburg'),
('Kaliningrad Stadium', 35212, 'Kaliningrad'),
('Volgograd Arena', 45568, 'Volgograd'),
('Kazan Arena', 45379, 'Kazan'),
('Nizhny Novgorod Stadium', 44899, 'Nizhny Novgorod'),
('Samara Arena', 44918, 'Samara'),
('Mordovia Arena', 44000, 'Saransk'),
('Rostov Arena', 45000, 'Rostov-on-Don'),
('Fisht Olympic Stadium', 47659, 'Sochi'),
('Ekaterinburg Arena', 35696, 'Yekaterinburg'),
('Spartak Stadium', 45000, 'Moscow');




INSERT INTO worldcup.team (name, coach, titles) VALUES
('Russia', 'Stanislav Cherchesov', 0),
('Germany', 'Joachim Löw', 4),
('Brazil', 'Tite', 5),
('Portugal', 'Fernando Santos', 0),
('Argentina', 'Jorge Sampaoli', 2),
('Belgium', 'Roberto Martínez', 0),
('Poland', 'Adam Nawałka', 0),
('France', 'Didier Deschamps', 2),
('Spain', 'Fernando Hierro', 1),
('Peru', 'Ricardo Gareca', 0),
('Switzerland', 'Vladimir Petković', 0),
('England', 'Gareth Southgate', 1),
('Colombia', 'José Pékerman', 0),
('Mexico', 'Juan Carlos Osorio', 0),
('Uruguay', 'Óscar Tabárez', 2),
('Croatia', 'Zlatko Dalić', 0),
('Denmark', 'Åge Hareide', 0),
('Iceland', 'Heimir Hallgrímsson', 0),
('Costa Rica', 'Óscar Ramírez', 0),
('Sweden', 'Janne Andersson', 0),
('Tunisia', 'Nabil Maâloul', 0),
('Egypt', 'Hector Cúper', 0),
('Senegal', 'Aliou Cissé', 0),
('Iran', 'Carlos Queiroz', 0),
('Serbia', 'Mladen Krstajić', 0),
('Nigeria', 'Gernot Rohr', 0),
('Australia', 'Bert van Marwijk', 0),
('Japan', 'Akira Nishino', 0),
('Morocco', 'Hervé Renard', 0),
('Panama', 'Hernán Darío Gómez', 0),
('South Korea', 'Shin Tae-yong', 0),
('Saudi Arabia', 'Juan Antonio Pizzi', 0);

INSERT INTO worldcup.player (id, name, marketvalue, team) VALUES
(1, 'Lionel Messi', 100000000, 'Argentina'),
(2, 'Cristiano Ronaldo', 90000000, 'Portugal'),
(3, 'Neymar Jr.', 120000000, 'Brazil'),
(4, 'Kylian Mbappé', 200000000, 'France'),
(5, 'Harry Kane', 150000000, 'England'),
(6, 'Mohamed Salah', 160000000, 'Egypt'),
(7, 'Luka Modrić', 80000000, 'Croatia'),
(8, 'Sergio Ramos', 60000000, 'Spain'),
(9, 'Kevin De Bruyne', 120000000, 'Belgium'),
(10, 'Eden Hazard', 100000000, 'Belgium'),
(11, 'Toni Kroos', 70000000, 'Germany'),
(12, 'Antoine Griezmann', 150000000, 'France'),
(13, 'Paul Pogba', 100000000, 'France'),
(14, 'Aleksandr Samedov', 12000000, 'Russia'),
(15, 'Robert Lewandowski', 90000000, 'Poland'),
(16, 'James Rodríguez', 70000000, 'Colombia'),
(17, 'Luis Suárez', 80000000, 'Uruguay'),
(18, 'Paulo Dybala', 90000000, 'Argentina'),
(19, 'Mohamed Elneny', 25000000, 'Egypt'),
(20, 'Son Heung-min', 60000000, 'South Korea'),
(21, 'Sadio Mané', 80000000, 'Senegal'),
(22, 'Andrés Iniesta', 25000000, 'Spain'),
(23, 'Trent Alexander-Arnold', 60000000, 'England'),
(24, 'Christian Eriksen', 70000000, 'Denmark'),
(25, 'Hakim Ziyech', 60000000, 'Morocco'),
(26, 'Roberto Firmino', 80000000, 'Brazil'),
(27, 'Marcus Rashford', 70000000, 'England'),
(28, 'Raheem Sterling', 100000000, 'England'),
(29, 'Edinson Cavani', 70000000, 'Uruguay'),
(30, 'Jadon Sancho', 120000000, 'England'),
(31, 'David de Gea', 60000000, 'Spain'),
(32, 'Alisson Becker', 80000000, 'Brazil'),
(33, 'Mario Fernandes', 25000000, 'Russia'),
(34, 'Roman Zobnin', 20000000, 'Russia'),
(35, 'Bruno Fernandes', 90000000, 'Portugal'),
(36, 'Thiago Alcântara', 50000000, 'Spain'),
(37, 'NGolo Kanté', 80000000, 'France'),
(38, 'Aymeric Laporte', 70000000, 'Spain'),
(39, 'Timo Werner', 80000000, 'Germany'),
(40, 'Thomas Müller', 60000000, 'Germany'),
(41, 'Igor Akinfeev', 15000000, 'Russia'),
(42, 'Fedor Smolov', 20000000, 'Russia'),
(43, 'Artem Dzyuba', 18000000, 'Russia'),
(44, 'Aleksandr Golovin', 35000000, 'Russia'),
(45, 'Alan Dzagoev', 18000000, 'Russia'),
(46, 'Yury Gazinsky', 10000000, 'Russia'),
(47, 'Denis Cheryshev', 25000000, 'Russia');


INSERT INTO worldcup.match (id, home_team, guest_team, referee, stadium, match_date, attendance, result) VALUES
(1, 'Russia', 'Saudi Arabia', 'Nawaf Shukralla', 'Luzhniki Stadium', '2018-06-14', 78011, '5-0'),
(2, 'Egypt', 'Uruguay', 'Björn Kuipers', 'Ekaterinburg Arena', '2018-06-15', 27215, '0-1'),
(3, 'Morocco', 'Iran', 'Cüneyt Çakır', 'Saint Petersburg Stadium', '2018-06-15', 62161, '0-1'),
(4, 'Portugal', 'Spain', 'Gianluca Rocchi', 'Fisht Olympic Stadium', '2018-06-15', 43866, '3-3'),
(5, 'France', 'Australia', 'Andrés Cunha', 'Kazan Arena', '2018-06-16', 41279, '2-1'),
(6, 'Argentina', 'Iceland', 'Szymon Marciniak', 'Spartak Stadium', '2018-06-16', 44287, '1-1'),
(7, 'Peru', 'Denmark', 'Björn Kuipers', 'Mordovia Arena', '2018-06-16', 39824, '0-1'),
(8, 'Croatia', 'Nigeria', 'Sandro Ricci', 'Kaliningrad Stadium', '2018-06-16', 31106, '2-0'),
(9, 'Costa Rica', 'Serbia', 'Malang Diedhiou', 'Samara Arena', '2018-06-17', 41279, '0-1'),
(10, 'Germany', 'Mexico', 'Alireza Faghani', 'Luzhniki Stadium', '2018-06-17', 78011, '0-1'),
(11, 'Brazil', 'Switzerland', 'César Arturo Ramos', 'Rostov Arena', '2018-06-17', 43018, '1-1'),
(12, 'Sweden', 'South Korea', 'Joel Aguilar', 'Nizhny Novgorod Stadium', '2018-06-18', 42242, '1-0'),
(13, 'Belgium', 'Panama', 'Janny Sikazwe', 'Fisht Olympic Stadium', '2018-06-18', 43618, '3-0'),
(14, 'Tunisia', 'England', 'Wilmar Roldán', 'Volgograd Arena', '2018-06-18', 41543, '1-2'),
(15, 'Colombia', 'Japan', 'Damir Skomina', 'Mordovia Arena', '2018-06-19', 37811, '1-2'),
(16, 'Poland', 'Senegal', 'Marcin Borski', 'Spartak Stadium', '2018-06-19', 44190, '1-2'),
(17, 'Russia', 'Egypt', 'Enrique Cáceres', 'Saint Petersburg Stadium', '2018-06-19', 64305, '3-1'),
(18, 'Portugal', 'Morocco', 'Mark Geiger', 'Luzhniki Stadium', '2018-06-20', 78011, '1-0'),
(19, 'Uruguay', 'Saudi Arabia', 'Felix Brych', 'Rostov Arena', '2018-06-20', 42108, '1-0'),
(20, 'Iran', 'Spain', 'Andrés Cunha', 'Kazan Arena', '2018-06-20', 45345, '0-1');


INSERT INTO worldcup.teamlocation (id, team, city, start_date, finish_date) VALUES
(1, 'Argentina', 'Moscow', '2018-06-01', '2018-06-15'),
(2, 'Argentina', 'Saint Petersburg', '2018-06-16', '2018-07-01'),
(3, 'Brazil', 'Sochi', '2018-06-01', '2018-06-15'),
(4, 'Brazil', 'Kazan', '2018-06-16', '2018-07-01'),
(5, 'Germany', 'Moscow', '2018-06-01', '2018-06-15'),
(6, 'Germany', 'Rostov-on-Don', '2018-06-16', '2018-07-01'),
(7, 'Spain', 'Kazan', '2018-06-01', '2018-06-15'),
(8, 'Spain', 'Sochi', '2018-06-16', '2018-07-01'),
(9, 'France', 'Yekaterinburg', '2018-06-01', '2018-06-15'),
(10, 'France', 'Nizhny Novgorod', '2018-06-16', '2018-07-01'),
(11, 'Portugal', 'Kaliningrad', '2018-06-01', '2018-06-15'),
(12, 'Portugal', 'Saransk', '2018-06-16', '2018-07-01'),
(13, 'Belgium', 'Rostov-on-Don', '2018-06-01', '2018-06-15'),
(14, 'Belgium', 'Saint Petersburg', '2018-06-16', '2018-07-01'),
(15, 'England', 'Volgograd', '2018-06-01', '2018-06-15'),
(16, 'England', 'Moscow', '2018-06-16', '2018-07-01'),
(17, 'Uruguay', 'Yekaterinburg', '2018-06-01', '2018-06-15'),
(18, 'Uruguay', 'Samara', '2018-06-16', '2018-07-01'),
(19, 'Russia', 'Saint Petersburg', '2018-06-01', '2018-06-15'),
(20, 'Russia', 'Moscow', '2018-06-16', '2018-07-01');
